"","UKPRN","Institution","SortOrder","UnitOfAssessment","Profile","FourStar","ThreeStar","TwoStar","OneStar","Unclassified","Russell_Group"
"1",10006840,"University of Birmingham",70,"Clinical Medicine","Overall",27,53,18,1,1,"Y"
"2",10006840,"University of Birmingham",70,"Public Health, Health Services and Primary Care","Overall",30,54,14,2,0,"Y"
"3",10006840,"University of Birmingham",70,"Allied Health Professions, Dentistry, Nursing and Pharmacy","Overall",30,69,1,0,0,"Y"
"4",10006840,"University of Birmingham",70,"Psychology, Psychiatry and Neuroscience","Overall",52,37,11,0,0,"Y"
"5",10006840,"University of Birmingham",70,"Biological Sciences","Overall",32,59,7,1,1,"Y"
"6",10006840,"University of Birmingham",70,"Earth Systems and Environmental Sciences","Overall",13,80,7,0,0,"Y"
"7",10006840,"University of Birmingham",70,"Chemistry","Overall",11,79,10,0,0,"Y"
"8",10006840,"University of Birmingham",70,"Physics","Overall",23,61,14,2,0,"Y"
"9",10006840,"University of Birmingham",70,"Mathematical Sciences","Overall",15,65,16,0,4,"Y"
"10",10006840,"University of Birmingham",70,"Computer Science and Informatics","Overall",29,57,13,0,1,"Y"
"11",10006840,"University of Birmingham",70,"Aeronautical, Mechanical, Chemical and Manufacturing Engineering","Overall",14,71,15,0,0,"Y"
"12",10006840,"University of Birmingham",70,"Aeronautical, Mechanical, Chemical and Manufacturing Engineering","Overall",27,60,13,0,0,"Y"
"13",10006840,"University of Birmingham",70,"Electrical and Electronic Engineering, Metallurgy and Materials","Overall",14,72,12,1,1,"Y"
"14",10006840,"University of Birmingham",70,"Electrical and Electronic Engineering, Metallurgy and Materials","Overall",31,55,9,4,1,"Y"
"15",10006840,"University of Birmingham",70,"Civil and Construction Engineering","Overall",7,59,30,4,0,"Y"
"16",10006840,"University of Birmingham",70,"Geography, Environmental Studies and Archaeology","Overall",30,46,22,2,0,"Y"
"17",10006840,"University of Birmingham",70,"Economics and Econometrics","Overall",10,59,30,1,0,"Y"
"18",10006840,"University of Birmingham",70,"Business and Management Studies","Overall",21,47,27,5,0,"Y"
"19",10006840,"University of Birmingham",70,"Law","Overall",29,43,24,4,0,"Y"
"20",10006840,"University of Birmingham",70,"Politics and International Studies","Overall",24,39,28,9,0,"Y"
"21",10006840,"University of Birmingham",70,"Social Work and Social Policy","Overall",23,53,21,2,1,"Y"
"22",10006840,"University of Birmingham",70,"Education","Overall",47,35,15,3,0,"Y"
"23",10006840,"University of Birmingham",70,"Sport and Exercise Sciences, Leisure and Tourism","Overall",55,35,9,1,0,"Y"
"24",10006840,"University of Birmingham",70,"Area Studies","Overall",44,49,7,0,0,"Y"
"25",10006840,"University of Birmingham",70,"Modern Languages and Linguistics","Overall",16,59,24,1,0,"Y"
"26",10006840,"University of Birmingham",70,"English Language and Literature","Overall",34,53,11,2,0,"Y"
"27",10006840,"University of Birmingham",70,"History","Overall",45,42,13,0,0,"Y"
"28",10006840,"University of Birmingham",70,"Classics","Overall",38,43,18,1,0,"Y"
"29",10006840,"University of Birmingham",70,"Philosophy","Overall",49,34,15,2,0,"Y"
"30",10006840,"University of Birmingham",70,"Theology and Religious Studies","Overall",51,28,17,4,0,"Y"
"31",10006840,"University of Birmingham",70,"Art and Design: History, Practice and Theory","Overall",33,49,15,3,0,"Y"
"32",10006840,"University of Birmingham",70,"Music, Drama, Dance and Performing Arts","Overall",38,50,12,0,0,"Y"
"33",10006840,"University of Birmingham",70,"Music, Drama, Dance and Performing Arts","Overall",30,39,24,4,3,"Y"
"34",10007786,"University of Bristol",170,"Clinical Medicine","Overall",31,48,20,1,0,"Y"
"35",10007786,"University of Bristol",170,"Public Health, Health Services and Primary Care","Overall",50,36,12,2,0,"Y"
"36",10007786,"University of Bristol",170,"Allied Health Professions, Dentistry, Nursing and Pharmacy","Overall",43,37,18,1,1,"Y"
"37",10007786,"University of Bristol",170,"Psychology, Psychiatry and Neuroscience","Overall",43,37,18,1,1,"Y"
"38",10007786,"University of Bristol",170,"Biological Sciences","Overall",33,51,15,0,1,"Y"
"39",10007786,"University of Bristol",170,"Agriculture, Veterinary and Food Science","Overall",35,53,11,0,1,"Y"
"40",10007786,"University of Bristol",170,"Earth Systems and Environmental Sciences","Overall",36,62,2,0,0,"Y"
"41",10007786,"University of Bristol",170,"Chemistry","Overall",39,57,4,0,0,"Y"
"42",10007786,"University of Bristol",170,"Physics","Overall",23,62,15,0,0,"Y"
"43",10007786,"University of Bristol",170,"Mathematical Sciences","Overall",43,44,12,1,0,"Y"
"44",10007786,"University of Bristol",170,"Computer Science and Informatics","Overall",31,56,12,1,0,"Y"
"45",10007786,"University of Bristol",170,"General Engineering","Overall",38,55,6,1,0,"Y"
"46",10007786,"University of Bristol",170,"Geography, Environmental Studies and Archaeology","Overall",51,33,14,2,0,"Y"
"47",10007786,"University of Bristol",170,"Geography, Environmental Studies and Archaeology","Overall",4,24,57,15,0,"Y"
"48",10007786,"University of Bristol",170,"Economics and Econometrics","Overall",44,44,12,0,0,"Y"
"49",10007786,"University of Bristol",170,"Business and Management Studies","Overall",24,54,22,0,0,"Y"
"50",10007786,"University of Bristol",170,"Law","Overall",41,44,14,1,0,"Y"
"51",10007786,"University of Bristol",170,"Politics and International Studies","Overall",16,44,33,7,0,"Y"
"52",10007786,"University of Bristol",170,"Social Work and Social Policy","Overall",38,42,18,2,0,"Y"
"53",10007786,"University of Bristol",170,"Sociology","Overall",32,44,23,1,0,"Y"
"54",10007786,"University of Bristol",170,"Education","Overall",44,36,19,1,0,"Y"
"55",10007786,"University of Bristol",170,"Sport and Exercise Sciences, Leisure and Tourism","Overall",58,42,0,0,0,"Y"
"56",10007786,"University of Bristol",170,"Modern Languages and Linguistics","Overall",29,38,26,7,0,"Y"
"57",10007786,"University of Bristol",170,"English Language and Literature","Overall",11,57,25,7,0,"Y"
"58",10007786,"University of Bristol",170,"History","Overall",25,48,24,3,0,"Y"
"59",10007786,"University of Bristol",170,"Classics","Overall",29,48,23,0,0,"Y"
"60",10007786,"University of Bristol",170,"Philosophy","Overall",31,51,17,1,0,"Y"
"61",10007786,"University of Bristol",170,"Theology and Religious Studies","Overall",21,45,32,2,0,"Y"
"62",10007786,"University of Bristol",170,"Art and Design: History, Practice and Theory","Overall",11,52,35,2,0,"Y"
"63",10007786,"University of Bristol",170,"Music, Drama, Dance and Performing Arts","Overall",34,50,15,1,0,"Y"
"64",10007786,"University of Bristol",170,"Music, Drama, Dance and Performing Arts","Overall",35,39,26,0,0,"Y"
"65",10007788,"University of Cambridge",220,"Clinical Medicine","Overall",58,29,12,0,1,"Y"
"66",10007788,"University of Cambridge",220,"Public Health, Health Services and Primary Care","Overall",50,43,6,0,1,"Y"
"67",10007788,"University of Cambridge",220,"Psychology, Psychiatry and Neuroscience","Overall",58,35,7,0,0,"Y"
"68",10007788,"University of Cambridge",220,"Biological Sciences","Overall",52,35,12,0,1,"Y"
"69",10007788,"University of Cambridge",220,"Agriculture, Veterinary and Food Science","Overall",40,40,18,2,0,"Y"
"70",10007788,"University of Cambridge",220,"Earth Systems and Environmental Sciences","Overall",40,54,6,0,0,"Y"
"71",10007788,"University of Cambridge",220,"Chemistry","Overall",57,40,3,0,0,"Y"
"72",10007788,"University of Cambridge",220,"Physics","Overall",38,53,9,0,0,"Y"
"73",10007788,"University of Cambridge",220,"Mathematical Sciences","Overall",45,47,7,1,0,"Y"
"74",10007788,"University of Cambridge",220,"Computer Science and Informatics","Overall",48,41,10,1,0,"Y"
"75",10007788,"University of Cambridge",220,"Aeronautical, Mechanical, Chemical and Manufacturing Engineering","Overall",47,45,7,1,0,"Y"
"76",10007788,"University of Cambridge",220,"Electrical and Electronic Engineering, Metallurgy and Materials","Overall",69,28,2,1,0,"Y"
"77",10007788,"University of Cambridge",220,"General Engineering","Overall",53,42,5,0,0,"Y"
"78",10007788,"University of Cambridge",220,"Architecture, Built Environment and Planning","Overall",50,38,9,3,0,"Y"
"79",10007788,"University of Cambridge",220,"Geography, Environmental Studies and Archaeology","Overall",35,41,20,4,0,"Y"
"80",10007788,"University of Cambridge",220,"Geography, Environmental Studies and Archaeology","Overall",44,40,14,2,0,"Y"
"81",10007788,"University of Cambridge",220,"Economics and Econometrics","Overall",47,49,3,1,0,"Y"
"82",10007788,"University of Cambridge",220,"Business and Management Studies","Overall",60,29,8,1,2,"Y"
"83",10007788,"University of Cambridge",220,"Law","Overall",44,44,11,1,0,"Y"
"84",10007788,"University of Cambridge",220,"Politics and International Studies","Overall",32,40,25,2,1,"Y"
"85",10007788,"University of Cambridge",220,"Sociology","Overall",27,45,27,1,0,"Y"
"86",10007788,"University of Cambridge",220,"Anthropology and Development Studies","Overall",31,42,24,2,1,"Y"
"87",10007788,"University of Cambridge",220,"Education","Overall",54,24,20,2,0,"Y"
"88",10007788,"University of Cambridge",220,"Area Studies","Overall",30,45,23,1,1,"Y"
"89",10007788,"University of Cambridge",220,"Modern Languages and Linguistics","Overall",40,42,16,2,0,"Y"
"90",10007788,"University of Cambridge",220,"English Language and Literature","Overall",34,48,16,2,0,"Y"
"91",10007788,"University of Cambridge",220,"History","Overall",44,37,18,1,0,"Y"
"92",10007788,"University of Cambridge",220,"Classics","Overall",53,36,10,1,0,"Y"
"93",10007788,"University of Cambridge",220,"Philosophy","Overall",30,49,18,3,0,"Y"
"94",10007788,"University of Cambridge",220,"Philosophy","Overall",41,40,16,3,0,"Y"
"95",10007788,"University of Cambridge",220,"Theology and Religious Studies","Overall",34,46,19,0,1,"Y"
"96",10007788,"University of Cambridge",220,"Music, Drama, Dance and Performing Arts","Overall",34,42,20,4,0,"Y"
"97",10007143,"University of Durham",420,"Psychology, Psychiatry and Neuroscience","Overall",29,48,22,0,1,"Y"
"98",10007143,"University of Durham",420,"Biological Sciences","Overall",25,49,23,1,2,"Y"
"99",10007143,"University of Durham",420,"Earth Systems and Environmental Sciences","Overall",27,61,12,0,0,"Y"
"100",10007143,"University of Durham",420,"Chemistry","Overall",35,61,4,0,0,"Y"
"101",10007143,"University of Durham",420,"Physics","Overall",31,65,4,0,0,"Y"
"102",10007143,"University of Durham",420,"Mathematical Sciences","Overall",24,60,15,0,1,"Y"
"103",10007143,"University of Durham",420,"Computer Science and Informatics","Overall",19,66,14,0,1,"Y"
"104",10007143,"University of Durham",420,"General Engineering","Overall",17,74,9,0,0,"Y"
"105",10007143,"University of Durham",420,"Geography, Environmental Studies and Archaeology","Overall",38,35,27,0,0,"Y"
"106",10007143,"University of Durham",420,"Geography, Environmental Studies and Archaeology","Overall",43,36,18,2,1,"Y"
"107",10007143,"University of Durham",420,"Business and Management Studies","Overall",27,52,20,1,0,"Y"
"108",10007143,"University of Durham",420,"Law","Overall",44,46,10,0,0,"Y"
"109",10007143,"University of Durham",420,"Politics and International Studies","Overall",20,51,25,4,0,"Y"
"110",10007143,"University of Durham",420,"Social Work and Social Policy","Overall",22,52,20,6,0,"Y"
"111",10007143,"University of Durham",420,"Anthropology and Development Studies","Overall",30,44,20,4,2,"Y"
"112",10007143,"University of Durham",420,"Education","Overall",50,31,18,1,0,"Y"
"113",10007143,"University of Durham",420,"Modern Languages and Linguistics","Overall",25,50,24,0,1,"Y"
"114",10007143,"University of Durham",420,"English Language and Literature","Overall",52,38,10,0,0,"Y"
"115",10007143,"University of Durham",420,"History","Overall",38,43,18,1,0,"Y"
"116",10007143,"University of Durham",420,"Classics","Overall",43,43,14,0,0,"Y"
"117",10007143,"University of Durham",420,"Philosophy","Overall",20,50,22,8,0,"Y"
"118",10007143,"University of Durham",420,"Theology and Religious Studies","Overall",50,35,14,1,0,"Y"
"119",10007143,"University of Durham",420,"Music, Drama, Dance and Performing Arts","Overall",53,37,8,2,0,"Y"
"120",10007792,"University of Exeter",480,"Clinical Medicine","Overall",39,44,14,0,3,"Y"
"121",10007792,"University of Exeter",480,"Public Health, Health Services and Primary Care","Overall",25,60,14,1,0,"Y"
"122",10007792,"University of Exeter",480,"Psychology, Psychiatry and Neuroscience","Overall",38,47,14,1,0,"Y"
"123",10007792,"University of Exeter",480,"Biological Sciences","Overall",29,59,11,0,1,"Y"
"124",10007792,"University of Exeter",480,"Earth Systems and Environmental Sciences","Overall",24,65,10,0,1,"Y"
"125",10007792,"University of Exeter",480,"Physics","Overall",23,67,9,1,0,"Y"
"126",10007792,"University of Exeter",480,"Mathematical Sciences","Overall",18,65,17,0,0,"Y"
"127",10007792,"University of Exeter",480,"Computer Science and Informatics","Overall",23,53,22,2,0,"Y"
"128",10007792,"University of Exeter",480,"General Engineering","Overall",26,66,8,0,0,"Y"
"129",10007792,"University of Exeter",480,"Geography, Environmental Studies and Archaeology","Overall",31,46,20,3,0,"Y"
"130",10007792,"University of Exeter",480,"Geography, Environmental Studies and Archaeology","Overall",24,54,22,0,0,"Y"
"131",10007792,"University of Exeter",480,"Economics and Econometrics","Overall",15,57,19,9,0,"Y"
"132",10007792,"University of Exeter",480,"Business and Management Studies","Overall",18,55,22,4,1,"Y"
"133",10007792,"University of Exeter",480,"Law","Overall",22,63,15,0,0,"Y"
"134",10007792,"University of Exeter",480,"Politics and International Studies","Overall",30,54,15,1,0,"Y"
"135",10007792,"University of Exeter",480,"Sociology","Overall",23,54,22,1,0,"Y"
"136",10007792,"University of Exeter",480,"Education","Overall",44,40,16,0,0,"Y"
"137",10007792,"University of Exeter",480,"Sport and Exercise Sciences, Leisure and Tourism","Overall",34,55,11,0,0,"Y"
"138",10007792,"University of Exeter",480,"Area Studies","Overall",45,36,18,1,0,"Y"
"139",10007792,"University of Exeter",480,"Modern Languages and Linguistics","Overall",30,35,24,11,0,"Y"
"140",10007792,"University of Exeter",480,"English Language and Literature","Overall",35,41,20,4,0,"Y"
"141",10007792,"University of Exeter",480,"History","Overall",43,39,18,0,0,"Y"
"142",10007792,"University of Exeter",480,"Classics","Overall",30,45,24,1,0,"Y"
"143",10007792,"University of Exeter",480,"Theology and Religious Studies","Overall",21,62,14,3,0,"Y"
"144",10007792,"University of Exeter",480,"Music, Drama, Dance and Performing Arts","Overall",30,49,16,5,0,"Y"
"145",10003270,"Imperial College London",630,"Clinical Medicine","Overall",48,38,13,1,0,"Y"
"146",10003270,"Imperial College London",630,"Public Health, Health Services and Primary Care","Overall",57,34,8,0,1,"Y"
"147",10003270,"Imperial College London",630,"Psychology, Psychiatry and Neuroscience","Overall",50,42,7,1,0,"Y"
"148",10003270,"Imperial College London",630,"Biological Sciences","Overall",51,40,8,1,0,"Y"
"149",10003270,"Imperial College London",630,"Chemistry","Overall",34,62,4,0,0,"Y"
"150",10003270,"Imperial College London",630,"Physics","Overall",35,57,7,1,0,"Y"
"151",10003270,"Imperial College London",630,"Mathematical Sciences","Overall",44,47,8,1,0,"Y"
"152",10003270,"Imperial College London",630,"Computer Science and Informatics","Overall",56,38,6,0,0,"Y"
"153",10003270,"Imperial College London",630,"Aeronautical, Mechanical, Chemical and Manufacturing Engineering","Overall",46,43,10,1,0,"Y"
"154",10003270,"Imperial College London",630,"Electrical and Electronic Engineering, Metallurgy and Materials","Overall",49,48,3,0,0,"Y"
"155",10003270,"Imperial College London",630,"Electrical and Electronic Engineering, Metallurgy and Materials","Overall",44,55,1,0,0,"Y"
"156",10003270,"Imperial College London",630,"Civil and Construction Engineering","Overall",47,48,5,0,0,"Y"
"157",10003270,"Imperial College London",630,"General Engineering","Overall",44,51,5,0,0,"Y"
"158",10003270,"Imperial College London",630,"Business and Management Studies","Overall",49,43,7,1,0,"Y"
"159",10003645,"King's College London",690,"Clinical Medicine","Overall",48,45,6,1,0,"Y"
"160",10003645,"King's College London",690,"Public Health, Health Services and Primary Care","Overall",37,49,14,0,0,"Y"
"161",10003645,"King's College London",690,"Allied Health Professions, Dentistry, Nursing and Pharmacy","Overall",42,48,9,1,0,"Y"
"162",10003645,"King's College London",690,"Allied Health Professions, Dentistry, Nursing and Pharmacy","Overall",42,49,8,0,1,"Y"
"163",10003645,"King's College London",690,"Allied Health Professions, Dentistry, Nursing and Pharmacy","Overall",43,47,10,0,0,"Y"
"164",10003645,"King's College London",690,"Psychology, Psychiatry and Neuroscience","Overall",47,41,11,1,0,"Y"
"165",10003645,"King's College London",690,"Biological Sciences","Overall",30,52,15,1,2,"Y"
"166",10003645,"King's College London",690,"Physics","Overall",18,67,14,0,1,"Y"
"167",10003645,"King's College London",690,"Mathematical Sciences","Overall",22,55,18,5,0,"Y"
"168",10003645,"King's College London",690,"Computer Science and Informatics","Overall",32,56,12,0,0,"Y"
"169",10003645,"King's College London",690,"General Engineering","Overall",38,61,1,0,0,"Y"
"170",10003645,"King's College London",690,"Geography, Environmental Studies and Archaeology","Overall",30,48,19,2,1,"Y"
"171",10003645,"King's College London",690,"Business and Management Studies","Overall",32,50,16,2,0,"Y"
"172",10003645,"King's College London",690,"Law","Overall",54,36,10,0,0,"Y"
"173",10003645,"King's College London",690,"Politics and International Studies","Overall",34,36,25,5,0,"Y"
"174",10003645,"King's College London",690,"Sociology","Overall",29,47,22,0,2,"Y"
"175",10003645,"King's College London",690,"Education","Overall",54,35,10,1,0,"Y"
"176",10003645,"King's College London",690,"Sport and Exercise Sciences, Leisure and Tourism","Overall",46,42,10,2,0,"Y"
"177",10003645,"King's College London",690,"Modern Languages and Linguistics","Overall",26,53,17,3,1,"Y"
"178",10003645,"King's College London",690,"English Language and Literature","Overall",45,35,18,2,0,"Y"
"179",10003645,"King's College London",690,"History","Overall",44,42,13,1,0,"Y"
"180",10003645,"King's College London",690,"Classics","Overall",32,44,23,1,0,"Y"
"181",10003645,"King's College London",690,"Philosophy","Overall",44,36,19,1,0,"Y"
"182",10003645,"King's College London",690,"Theology and Religious Studies","Overall",39,37,18,5,1,"Y"
"183",10003645,"King's College London",690,"Music, Drama, Dance and Performing Arts","Overall",37,41,18,3,1,"Y"
"184",10003645,"King's College London",690,"Music, Drama, Dance and Performing Arts","Overall",45,42,11,2,0,"Y"
"185",10003645,"King's College London",690,"Communication, Cultural and Media Studies, Library and Information Management","Overall",54,26,15,5,0,"Y"
"186",10007795,"University of Leeds",750,"Clinical Medicine","Overall",28,57,13,1,1,"Y"
"187",10007795,"University of Leeds",750,"Public Health, Health Services and Primary Care","Overall",32,50,16,2,0,"Y"
"188",10007795,"University of Leeds",750,"Allied Health Professions, Dentistry, Nursing and Pharmacy","Overall",37,54,8,1,0,"Y"
"189",10007795,"University of Leeds",750,"Psychology, Psychiatry and Neuroscience","Overall",27,54,18,1,0,"Y"
"190",10007795,"University of Leeds",750,"Biological Sciences","Overall",38,45,16,0,1,"Y"
"191",10007795,"University of Leeds",750,"Agriculture, Veterinary and Food Science","Overall",30,48,20,2,0,"Y"
"192",10007795,"University of Leeds",750,"Earth Systems and Environmental Sciences","Overall",36,54,10,0,0,"Y"
"193",10007795,"University of Leeds",750,"Chemistry","Overall",23,72,5,0,0,"Y"
"194",10007795,"University of Leeds",750,"Physics","Overall",25,66,9,0,0,"Y"
"195",10007795,"University of Leeds",750,"Mathematical Sciences","Overall",36,49,15,0,0,"Y"
"196",10007795,"University of Leeds",750,"Computer Science and Informatics","Overall",32,54,13,1,0,"Y"
"197",10007795,"University of Leeds",750,"Aeronautical, Mechanical, Chemical and Manufacturing Engineering","Overall",30,54,16,0,0,"Y"
"198",10007795,"University of Leeds",750,"Electrical and Electronic Engineering, Metallurgy and Materials","Overall",41,59,0,0,0,"Y"
"199",10007795,"University of Leeds",750,"Civil and Construction Engineering","Overall",21,64,13,2,0,"Y"
"200",10007795,"University of Leeds",750,"General Engineering","Overall",14,69,17,0,0,"Y"
"201",10007795,"University of Leeds",750,"Geography, Environmental Studies and Archaeology","Overall",32,44,23,1,0,"Y"
"202",10007795,"University of Leeds",750,"Business and Management Studies","Overall",38,44,16,2,0,"Y"
"203",10007795,"University of Leeds",750,"Law","Overall",41,47,10,2,0,"Y"
"204",10007795,"University of Leeds",750,"Politics and International Studies","Overall",25,41,29,5,0,"Y"
"205",10007795,"University of Leeds",750,"Social Work and Social Policy","Overall",35,44,19,2,0,"Y"
"206",10007795,"University of Leeds",750,"Education","Overall",23,52,23,2,0,"Y"
"207",10007795,"University of Leeds",750,"Sport and Exercise Sciences, Leisure and Tourism","Overall",62,32,2,4,0,"Y"
"208",10007795,"University of Leeds",750,"Modern Languages and Linguistics","Overall",31,38,22,9,0,"Y"
"209",10007795,"University of Leeds",750,"English Language and Literature","Overall",41,41,14,4,0,"Y"
"210",10007795,"University of Leeds",750,"History","Overall",39,46,14,1,0,"Y"
"211",10007795,"University of Leeds",750,"Classics","Overall",14,60,26,0,0,"Y"
"212",10007795,"University of Leeds",750,"Philosophy","Overall",34,45,20,1,0,"Y"
"213",10007795,"University of Leeds",750,"Theology and Religious Studies","Overall",33,49,18,0,0,"Y"
"214",10007795,"University of Leeds",750,"Art and Design: History, Practice and Theory","Overall",34,48,17,1,0,"Y"
"215",10007795,"University of Leeds",750,"Art and Design: History, Practice and Theory","Overall",34,36,25,5,0,"Y"
"216",10007795,"University of Leeds",750,"Music, Drama, Dance and Performing Arts","Overall",43,40,16,1,0,"Y"
"217",10007795,"University of Leeds",750,"Music, Drama, Dance and Performing Arts","Overall",22,48,27,3,0,"Y"
"218",10007795,"University of Leeds",750,"Communication, Cultural and Media Studies, Library and Information Management","Overall",48,34,14,4,0,"Y"
"219",10006842,"University of Liverpool",820,"Clinical Medicine","Overall",30,50,19,1,0,"Y"
"220",10006842,"University of Liverpool",820,"Public Health, Health Services and Primary Care","Overall",38,35,22,3,2,"Y"
"221",10006842,"University of Liverpool",820,"Psychology, Psychiatry and Neuroscience","Overall",37,43,18,2,0,"Y"
"222",10006842,"University of Liverpool",820,"Biological Sciences","Overall",16,65,19,0,0,"Y"
"223",10006842,"University of Liverpool",820,"Agriculture, Veterinary and Food Science","Overall",42,40,17,1,0,"Y"
"224",10006842,"University of Liverpool",820,"Earth Systems and Environmental Sciences","Overall",17,70,13,0,0,"Y"
"225",10006842,"University of Liverpool",820,"Chemistry","Overall",51,48,1,0,0,"Y"
"226",10006842,"University of Liverpool",820,"Physics","Overall",17,73,9,1,0,"Y"
"227",10006842,"University of Liverpool",820,"Mathematical Sciences","Overall",13,67,20,0,0,"Y"
"228",10006842,"University of Liverpool",820,"Computer Science and Informatics","Overall",35,62,3,0,0,"Y"
"229",10006842,"University of Liverpool",820,"Electrical and Electronic Engineering, Metallurgy and Materials","Overall",12,78,10,0,0,"Y"
"230",10006842,"University of Liverpool",820,"General Engineering","Overall",19,76,5,0,0,"Y"
"231",10006842,"University of Liverpool",820,"Architecture, Built Environment and Planning","Overall",35,48,17,0,0,"Y"
"232",10006842,"University of Liverpool",820,"Geography, Environmental Studies and Archaeology","Overall",13,52,29,6,0,"Y"
"233",10006842,"University of Liverpool",820,"Geography, Environmental Studies and Archaeology","Overall",31,45,24,0,0,"Y"
"234",10006842,"University of Liverpool",820,"Business and Management Studies","Overall",21,52,25,2,0,"Y"
"235",10006842,"University of Liverpool",820,"Law","Overall",11,70,18,1,0,"Y"
"236",10006842,"University of Liverpool",820,"Politics and International Studies","Overall",20,19,44,17,0,"Y"
"237",10006842,"University of Liverpool",820,"Social Work and Social Policy","Overall",14,60,26,0,0,"Y"
"238",10006842,"University of Liverpool",820,"Modern Languages and Linguistics","Overall",26,46,25,3,0,"Y"
"239",10006842,"University of Liverpool",820,"English Language and Literature","Overall",36,49,12,3,0,"Y"
"240",10006842,"University of Liverpool",820,"History","Overall",34,40,25,1,0,"Y"
"241",10006842,"University of Liverpool",820,"Classics","Overall",17,51,26,6,0,"Y"
"242",10006842,"University of Liverpool",820,"Philosophy","Overall",17,45,38,0,0,"Y"
"243",10006842,"University of Liverpool",820,"Music, Drama, Dance and Performing Arts","Overall",32,40,24,4,0,"Y"
"244",10006842,"University of Liverpool",820,"Communication, Cultural and Media Studies, Library and Information Management","Overall",18,45,22,15,0,"Y"
"245",10007784,"University College London",1080,"Clinical Medicine","Overall",43,37,18,1,1,"Y"
"246",10007784,"University College London",1080,"Public Health, Health Services and Primary Care","Overall",46,35,17,1,1,"Y"
"247",10007784,"University College London",1080,"Allied Health Professions, Dentistry, Nursing and Pharmacy","Overall",29,56,14,1,0,"Y"
"248",10007784,"University College London",1080,"Allied Health Professions, Dentistry, Nursing and Pharmacy","Overall",47,40,13,0,0,"Y"
"249",10007784,"University College London",1080,"Psychology, Psychiatry and Neuroscience","Overall",51,32,14,2,1,"Y"
"250",10007784,"University College London",1080,"Biological Sciences","Overall",46,36,16,1,1,"Y"
"251",10007784,"University College London",1080,"Earth Systems and Environmental Sciences","Overall",34,58,7,1,0,"Y"
"252",10007784,"University College London",1080,"Chemistry","Overall",37,57,5,1,0,"Y"
"253",10007784,"University College London",1080,"Physics","Overall",23,67,9,1,0,"Y"
"254",10007784,"University College London",1080,"Mathematical Sciences","Overall",27,55,17,1,0,"Y"
"255",10007784,"University College London",1080,"Computer Science and Informatics","Overall",61,35,4,0,0,"Y"
"256",10007784,"University College London",1080,"Aeronautical, Mechanical, Chemical and Manufacturing Engineering","Overall",23,67,9,1,0,"Y"
"257",10007784,"University College London",1080,"Electrical and Electronic Engineering, Metallurgy and Materials","Overall",40,57,3,0,0,"Y"
"258",10007784,"University College London",1080,"Civil and Construction Engineering","Overall",11,49,29,10,1,"Y"
"259",10007784,"University College London",1080,"General Engineering","Overall",41,54,5,0,0,"Y"
"260",10007784,"University College London",1080,"Architecture, Built Environment and Planning","Overall",46,35,17,2,0,"Y"
"261",10007784,"University College London",1080,"Geography, Environmental Studies and Archaeology","Overall",42,31,22,5,0,"Y"
"262",10007784,"University College London",1080,"Geography, Environmental Studies and Archaeology","Overall",41,40,16,3,0,"Y"
"263",10007784,"University College London",1080,"Economics and Econometrics","Overall",79,20,1,0,0,"Y"
"264",10007784,"University College London",1080,"Business and Management Studies","Overall",46,24,20,7,3,"Y"
"265",10007784,"University College London",1080,"Law","Overall",50,34,14,2,0,"Y"
"266",10007784,"University College London",1080,"Politics and International Studies","Overall",41,48,10,0,1,"Y"
"267",10007784,"University College London",1080,"Social Work and Social Policy","Overall",31,53,16,0,0,"Y"
"268",10007784,"University College London",1080,"Anthropology and Development Studies","Overall",40,28,18,11,3,"Y"
"269",10007784,"University College London",1080,"Education","Overall",48,30,18,3,1,"Y"
"270",10007784,"University College London",1080,"Education","Overall",17,33,41,5,4,"Y"
"271",10007784,"University College London",1080,"Area Studies","Overall",43,21,32,4,0,"Y"
"272",10007784,"University College London",1080,"Modern Languages and Linguistics","Overall",32,42,21,4,1,"Y"
"273",10007784,"University College London",1080,"English Language and Literature","Overall",52,33,14,1,0,"Y"
"274",10007784,"University College London",1080,"History","Overall",42,40,16,2,0,"Y"
"275",10007784,"University College London",1080,"Classics","Overall",26,50,22,2,0,"Y"
"276",10007784,"University College London",1080,"Philosophy","Overall",46,29,24,1,0,"Y"
"277",10007784,"University College London",1080,"Theology and Religious Studies","Overall",37,41,22,0,0,"Y"
"278",10007784,"University College London",1080,"Art and Design: History, Practice and Theory","Overall",37,48,15,0,0,"Y"
"279",10007784,"University College London",1080,"Art and Design: History, Practice and Theory","Overall",20,59,16,3,2,"Y"
"280",10007784,"University College London",1080,"Communication, Cultural and Media Studies, Library and Information Management","Overall",29,39,21,11,0,"Y"
"281",10004063,"London School of Economics and Political Science",1150,"Mathematical Sciences","Overall",13,69,18,0,0,"Y"
"282",10004063,"London School of Economics and Political Science",1150,"Geography, Environmental Studies and Archaeology","Overall",43,42,12,3,0,"Y"
"283",10004063,"London School of Economics and Political Science",1150,"Economics and Econometrics","Overall",69,24,3,1,3,"Y"
"284",10004063,"London School of Economics and Political Science",1150,"Business and Management Studies","Overall",59,31,8,1,1,"Y"
"285",10004063,"London School of Economics and Political Science",1150,"Law","Overall",53,35,11,1,0,"Y"
"286",10004063,"London School of Economics and Political Science",1150,"Politics and International Studies","Overall",54,38,7,1,0,"Y"
"287",10004063,"London School of Economics and Political Science",1150,"Social Work and Social Policy","Overall",71,25,4,0,0,"Y"
"288",10004063,"London School of Economics and Political Science",1150,"Sociology","Overall",34,46,19,0,1,"Y"
"289",10004063,"London School of Economics and Political Science",1150,"Anthropology and Development Studies","Overall",30,34,28,6,2,"Y"
"290",10004063,"London School of Economics and Political Science",1150,"Anthropology and Development Studies","Overall",31,50,15,4,0,"Y"
"291",10004063,"London School of Economics and Political Science",1150,"Area Studies","Overall",55,30,15,0,0,"Y"
"292",10004063,"London School of Economics and Political Science",1150,"History","Overall",34,48,17,1,0,"Y"
"293",10004063,"London School of Economics and Political Science",1150,"Philosophy","Overall",38,45,17,0,0,"Y"
"294",10004063,"London School of Economics and Political Science",1150,"Communication, Cultural and Media Studies, Library and Information Management","Overall",65,29,6,0,0,"Y"
"295",10007798,"University of Manchester",1220,"Clinical Medicine","Overall",36,49,14,0,1,"Y"
"296",10007798,"University of Manchester",1220,"Public Health, Health Services and Primary Care","Overall",17,49,30,3,1,"Y"
"297",10007798,"University of Manchester",1220,"Allied Health Professions, Dentistry, Nursing and Pharmacy","Overall",51,37,11,1,0,"Y"
"298",10007798,"University of Manchester",1220,"Psychology, Psychiatry and Neuroscience","Overall",42,41,15,2,0,"Y"
"299",10007798,"University of Manchester",1220,"Biological Sciences","Overall",37,41,20,1,1,"Y"
"300",10007798,"University of Manchester",1220,"Earth Systems and Environmental Sciences","Overall",29,62,8,0,1,"Y"
"301",10007798,"University of Manchester",1220,"Chemistry","Overall",33,59,7,1,0,"Y"
"302",10007798,"University of Manchester",1220,"Physics","Overall",38,54,7,1,0,"Y"
"303",10007798,"University of Manchester",1220,"Mathematical Sciences","Overall",38,52,9,1,0,"Y"
"304",10007798,"University of Manchester",1220,"Computer Science and Informatics","Overall",48,46,6,0,0,"Y"
"305",10007798,"University of Manchester",1220,"Aeronautical, Mechanical, Chemical and Manufacturing Engineering","Overall",30,60,10,0,0,"Y"
"306",10007798,"University of Manchester",1220,"Aeronautical, Mechanical, Chemical and Manufacturing Engineering","Overall",27,57,16,0,0,"Y"
"307",10007798,"University of Manchester",1220,"Electrical and Electronic Engineering, Metallurgy and Materials","Overall",35,49,16,0,0,"Y"
"308",10007798,"University of Manchester",1220,"Electrical and Electronic Engineering, Metallurgy and Materials","Overall",22,71,6,1,0,"Y"
"309",10007798,"University of Manchester",1220,"Civil and Construction Engineering","Overall",30,60,9,1,0,"Y"
"310",10007798,"University of Manchester",1220,"Architecture, Built Environment and Planning","Overall",31,44,24,1,0,"Y"
"311",10007798,"University of Manchester",1220,"Geography, Environmental Studies and Archaeology","Overall",24,49,25,2,0,"Y"
"312",10007798,"University of Manchester",1220,"Geography, Environmental Studies and Archaeology","Overall",10,44,41,5,0,"Y"
"313",10007798,"University of Manchester",1220,"Economics and Econometrics","Overall",17,58,22,3,0,"Y"
"314",10007798,"University of Manchester",1220,"Business and Management Studies","Overall",37,37,22,4,0,"Y"
"315",10007798,"University of Manchester",1220,"Law","Overall",20,58,20,2,0,"Y"
"316",10007798,"University of Manchester",1220,"Politics and International Studies","Overall",20,54,24,2,0,"Y"
"317",10007798,"University of Manchester",1220,"Sociology","Overall",42,42,16,0,0,"Y"
"318",10007798,"University of Manchester",1220,"Anthropology and Development Studies","Overall",35,45,18,1,1,"Y"
"319",10007798,"University of Manchester",1220,"Anthropology and Development Studies","Overall",37,41,19,2,1,"Y"
"320",10007798,"University of Manchester",1220,"Education","Overall",36,42,19,3,0,"Y"
"321",10007798,"University of Manchester",1220,"Modern Languages and Linguistics","Overall",41,39,16,3,1,"Y"
"322",10007798,"University of Manchester",1220,"English Language and Literature","Overall",38,45,15,2,0,"Y"
"323",10007798,"University of Manchester",1220,"History","Overall",42,40,18,0,0,"Y"
"324",10007798,"University of Manchester",1220,"Classics","Overall",21,50,26,1,2,"Y"
"325",10007798,"University of Manchester",1220,"Philosophy","Overall",20,53,23,1,3,"Y"
"326",10007798,"University of Manchester",1220,"Theology and Religious Studies","Overall",28,47,20,4,1,"Y"
"327",10007798,"University of Manchester",1220,"Art and Design: History, Practice and Theory","Overall",42,43,14,1,0,"Y"
"328",10007798,"University of Manchester",1220,"Music, Drama, Dance and Performing Arts","Overall",42,43,14,0,1,"Y"
"329",10007798,"University of Manchester",1220,"Music, Drama, Dance and Performing Arts","Overall",55,32,13,0,0,"Y"
"330",10007799,"Newcastle University",1280,"Clinical Medicine","Overall",38,46,14,2,0,"Y"
"331",10007799,"Newcastle University",1280,"Public Health, Health Services and Primary Care","Overall",25,49,24,2,0,"Y"
"332",10007799,"Newcastle University",1280,"Allied Health Professions, Dentistry, Nursing and Pharmacy","Overall",41,49,10,0,0,"Y"
"333",10007799,"Newcastle University",1280,"Psychology, Psychiatry and Neuroscience","Overall",51,36,12,1,0,"Y"
"334",10007799,"Newcastle University",1280,"Biological Sciences","Overall",50,42,7,0,1,"Y"
"335",10007799,"Newcastle University",1280,"Agriculture, Veterinary and Food Science","Overall",19,47,33,1,0,"Y"
"336",10007799,"Newcastle University",1280,"Earth Systems and Environmental Sciences","Overall",25,59,16,0,0,"Y"
"337",10007799,"Newcastle University",1280,"Chemistry","Overall",8,75,17,0,0,"Y"
"338",10007799,"Newcastle University",1280,"Mathematical Sciences","Overall",29,59,11,1,0,"Y"
"339",10007799,"Newcastle University",1280,"Computer Science and Informatics","Overall",46,41,13,0,0,"Y"
"340",10007799,"Newcastle University",1280,"Aeronautical, Mechanical, Chemical and Manufacturing Engineering","Overall",21,60,19,0,0,"Y"
"341",10007799,"Newcastle University",1280,"Electrical and Electronic Engineering, Metallurgy and Materials","Overall",27,63,6,0,4,"Y"
"342",10007799,"Newcastle University",1280,"Civil and Construction Engineering","Overall",30,58,12,0,0,"Y"
"343",10007799,"Newcastle University",1280,"Architecture, Built Environment and Planning","Overall",28,57,15,0,0,"Y"
"344",10007799,"Newcastle University",1280,"Geography, Environmental Studies and Archaeology","Overall",18,35,47,0,0,"Y"
"345",10007799,"Newcastle University",1280,"Geography, Environmental Studies and Archaeology","Overall",35,47,18,0,0,"Y"
"346",10007799,"Newcastle University",1280,"Business and Management Studies","Overall",18,39,40,3,0,"Y"
"347",10007799,"Newcastle University",1280,"Law","Overall",14,56,27,3,0,"Y"
"348",10007799,"Newcastle University",1280,"Politics and International Studies","Overall",14,38,44,4,0,"Y"
"349",10007799,"Newcastle University",1280,"Sociology","Overall",23,49,25,3,0,"Y"
"350",10007799,"Newcastle University",1280,"Education","Overall",21,50,25,4,0,"Y"
"351",10007799,"Newcastle University",1280,"Modern Languages and Linguistics","Overall",35,39,22,3,1,"Y"
"352",10007799,"Newcastle University",1280,"English Language and Literature","Overall",57,32,11,0,0,"Y"
"353",10007799,"Newcastle University",1280,"History","Overall",20,42,37,1,0,"Y"
"354",10007799,"Newcastle University",1280,"Classics","Overall",29,47,22,0,2,"Y"
"355",10007799,"Newcastle University",1280,"Art and Design: History, Practice and Theory","Overall",24,59,13,4,0,"Y"
"356",10007799,"Newcastle University",1280,"Music, Drama, Dance and Performing Arts","Overall",36,36,26,2,0,"Y"
"357",10007799,"Newcastle University",1280,"Communication, Cultural and Media Studies, Library and Information Management","Overall",42,40,16,2,0,"Y"
"358",10007154,"University of Nottingham",1370,"Clinical Medicine","Overall",34,47,17,1,1,"Y"
"359",10007154,"University of Nottingham",1370,"Public Health, Health Services and Primary Care","Overall",38,44,16,2,0,"Y"
"360",10007154,"University of Nottingham",1370,"Allied Health Professions, Dentistry, Nursing and Pharmacy","Overall",51,42,6,0,1,"Y"
"361",10007154,"University of Nottingham",1370,"Allied Health Professions, Dentistry, Nursing and Pharmacy","Overall",38,48,12,2,0,"Y"
"362",10007154,"University of Nottingham",1370,"Psychology, Psychiatry and Neuroscience","Overall",38,44,17,1,0,"Y"
"363",10007154,"University of Nottingham",1370,"Biological Sciences","Overall",23,50,22,2,3,"Y"
"364",10007154,"University of Nottingham",1370,"Agriculture, Veterinary and Food Science","Overall",37,43,17,1,2,"Y"
"365",10007154,"University of Nottingham",1370,"Chemistry","Overall",27,68,5,0,0,"Y"
"366",10007154,"University of Nottingham",1370,"Physics","Overall",37,59,4,0,0,"Y"
"367",10007154,"University of Nottingham",1370,"Mathematical Sciences","Overall",32,56,11,1,0,"Y"
"368",10007154,"University of Nottingham",1370,"Computer Science and Informatics","Overall",37,51,11,1,0,"Y"
"369",10007154,"University of Nottingham",1370,"General Engineering","Overall",27,62,11,0,0,"Y"
"370",10007154,"University of Nottingham",1370,"Architecture, Built Environment and Planning","Overall",10,55,26,8,1,"Y"
"371",10007154,"University of Nottingham",1370,"Geography, Environmental Studies and Archaeology","Overall",6,53,37,1,3,"Y"
"372",10007154,"University of Nottingham",1370,"Geography, Environmental Studies and Archaeology","Overall",26,47,20,7,0,"Y"
"373",10007154,"University of Nottingham",1370,"Economics and Econometrics","Overall",18,71,10,0,1,"Y"
"374",10007154,"University of Nottingham",1370,"Business and Management Studies","Overall",28,41,26,5,0,"Y"
"375",10007154,"University of Nottingham",1370,"Law","Overall",37,44,18,1,0,"Y"
"376",10007154,"University of Nottingham",1370,"Politics and International Studies","Overall",16,52,28,3,1,"Y"
"377",10007154,"University of Nottingham",1370,"Social Work and Social Policy","Overall",40,38,18,3,1,"Y"
"378",10007154,"University of Nottingham",1370,"Education","Overall",55,29,15,0,1,"Y"
"379",10007154,"University of Nottingham",1370,"Area Studies","Overall",31,42,21,5,1,"Y"
"380",10007154,"University of Nottingham",1370,"Area Studies","Overall",16,45,37,2,0,"Y"
"381",10007154,"University of Nottingham",1370,"Modern Languages and Linguistics","Overall",26,43,28,3,0,"Y"
"382",10007154,"University of Nottingham",1370,"English Language and Literature","Overall",48,34,16,1,1,"Y"
"383",10007154,"University of Nottingham",1370,"History","Overall",28,38,32,2,0,"Y"
"384",10007154,"University of Nottingham",1370,"Classics","Overall",38,42,16,4,0,"Y"
"385",10007154,"University of Nottingham",1370,"Philosophy","Overall",11,58,31,0,0,"Y"
"386",10007154,"University of Nottingham",1370,"Theology and Religious Studies","Overall",30,44,23,3,0,"Y"
"387",10007154,"University of Nottingham",1370,"Art and Design: History, Practice and Theory","Overall",23,34,33,2,8,"Y"
"388",10007154,"University of Nottingham",1370,"Music, Drama, Dance and Performing Arts","Overall",45,39,16,0,0,"Y"
"389",10007154,"University of Nottingham",1370,"Communication, Cultural and Media Studies, Library and Information Management","Overall",40,43,17,0,0,"Y"
"390",10007774,"University of Oxford",1410,"Clinical Medicine","Overall",53,39,8,0,0,"Y"
"391",10007774,"University of Oxford",1410,"Public Health, Health Services and Primary Care","Overall",57,35,7,1,0,"Y"
"392",10007774,"University of Oxford",1410,"Psychology, Psychiatry and Neuroscience","Overall",67,28,5,0,0,"Y"
"393",10007774,"University of Oxford",1410,"Biological Sciences","Overall",47,46,7,0,0,"Y"
"394",10007774,"University of Oxford",1410,"Earth Systems and Environmental Sciences","Overall",43,51,5,1,0,"Y"
"395",10007774,"University of Oxford",1410,"Chemistry","Overall",49,47,3,0,1,"Y"
"396",10007774,"University of Oxford",1410,"Physics","Overall",43,49,7,1,0,"Y"
"397",10007774,"University of Oxford",1410,"Mathematical Sciences","Overall",59,37,4,0,0,"Y"
"398",10007774,"University of Oxford",1410,"Computer Science and Informatics","Overall",53,34,9,2,2,"Y"
"399",10007774,"University of Oxford",1410,"Electrical and Electronic Engineering, Metallurgy and Materials","Overall",60,38,2,0,0,"Y"
"400",10007774,"University of Oxford",1410,"General Engineering","Overall",55,41,4,0,0,"Y"
"401",10007774,"University of Oxford",1410,"Geography, Environmental Studies and Archaeology","Overall",41,39,18,2,0,"Y"
"402",10007774,"University of Oxford",1410,"Geography, Environmental Studies and Archaeology","Overall",41,42,16,1,0,"Y"
"403",10007774,"University of Oxford",1410,"Economics and Econometrics","Overall",56,33,10,1,0,"Y"
"404",10007774,"University of Oxford",1410,"Business and Management Studies","Overall",51,36,11,2,0,"Y"
"405",10007774,"University of Oxford",1410,"Law","Overall",40,44,15,1,0,"Y"
"406",10007774,"University of Oxford",1410,"Politics and International Studies","Overall",54,27,15,4,0,"Y"
"407",10007774,"University of Oxford",1410,"Social Work and Social Policy","Overall",79,14,7,0,0,"Y"
"408",10007774,"University of Oxford",1410,"Sociology","Overall",37,45,18,0,0,"Y"
"409",10007774,"University of Oxford",1410,"Anthropology and Development Studies","Overall",23,45,28,4,0,"Y"
"410",10007774,"University of Oxford",1410,"Anthropology and Development Studies","Overall",40,39,20,1,0,"Y"
"411",10007774,"University of Oxford",1410,"Education","Overall",65,27,8,0,0,"Y"
"412",10007774,"University of Oxford",1410,"Area Studies","Overall",36,40,19,5,0,"Y"
"413",10007774,"University of Oxford",1410,"Modern Languages and Linguistics","Overall",27,43,23,5,2,"Y"
"414",10007774,"University of Oxford",1410,"English Language and Literature","Overall",42,42,16,0,0,"Y"
"415",10007774,"University of Oxford",1410,"History","Overall",45,37,17,1,0,"Y"
"416",10007774,"University of Oxford",1410,"Classics","Overall",47,34,17,2,0,"Y"
"417",10007774,"University of Oxford",1410,"Philosophy","Overall",51,31,16,2,0,"Y"
"418",10007774,"University of Oxford",1410,"Theology and Religious Studies","Overall",34,38,24,4,0,"Y"
"419",10007774,"University of Oxford",1410,"Art and Design: History, Practice and Theory","Overall",22,53,20,5,0,"Y"
"420",10007774,"University of Oxford",1410,"Music, Drama, Dance and Performing Arts","Overall",55,34,10,1,0,"Y"
"421",10007775,"Queen Mary University of London",1460,"Clinical Medicine","Overall",40,50,9,0,1,"Y"
"422",10007775,"Queen Mary University of London",1460,"Public Health, Health Services and Primary Care","Overall",44,42,13,1,0,"Y"
"423",10007775,"Queen Mary University of London",1460,"Allied Health Professions, Dentistry, Nursing and Pharmacy","Overall",44,48,7,0,1,"Y"
"424",10007775,"Queen Mary University of London",1460,"Biological Sciences","Overall",31,51,14,2,2,"Y"
"425",10007775,"Queen Mary University of London",1460,"Chemistry","Overall",20,67,13,0,0,"Y"
"426",10007775,"Queen Mary University of London",1460,"Physics","Overall",17,73,10,0,0,"Y"
"427",10007775,"Queen Mary University of London",1460,"Mathematical Sciences","Overall",14,73,13,0,0,"Y"
"428",10007775,"Queen Mary University of London",1460,"Computer Science and Informatics","Overall",39,52,8,1,0,"Y"
"429",10007775,"Queen Mary University of London",1460,"Electrical and Electronic Engineering, Metallurgy and Materials","Overall",20,79,1,0,0,"Y"
"430",10007775,"Queen Mary University of London",1460,"Electrical and Electronic Engineering, Metallurgy and Materials","Overall",21,66,12,1,0,"Y"
"431",10007775,"Queen Mary University of London",1460,"General Engineering","Overall",40,51,8,0,1,"Y"
"432",10007775,"Queen Mary University of London",1460,"Geography, Environmental Studies and Archaeology","Overall",34,49,13,4,0,"Y"
"433",10007775,"Queen Mary University of London",1460,"Economics and Econometrics","Overall",18,65,14,3,0,"Y"
"434",10007775,"Queen Mary University of London",1460,"Business and Management Studies","Overall",23,42,33,1,1,"Y"
"435",10007775,"Queen Mary University of London",1460,"Law","Overall",26,60,12,1,1,"Y"
"436",10007775,"Queen Mary University of London",1460,"Politics and International Studies","Overall",12,62,25,1,0,"Y"
"437",10007775,"Queen Mary University of London",1460,"Modern Languages and Linguistics","Overall",62,34,4,0,0,"Y"
"438",10007775,"Queen Mary University of London",1460,"Modern Languages and Linguistics","Overall",35,39,21,5,0,"Y"
"439",10007775,"Queen Mary University of London",1460,"English Language and Literature","Overall",54,34,11,1,0,"Y"
"440",10007775,"Queen Mary University of London",1460,"History","Overall",40,42,17,1,0,"Y"
"441",10007775,"Queen Mary University of London",1460,"Music, Drama, Dance and Performing Arts","Overall",69,24,7,0,0,"Y"
"442",10007157,"University of Sheffield",1660,"Clinical Medicine","Overall",28,58,14,0,0,"Y"
"443",10007157,"University of Sheffield",1660,"Public Health, Health Services and Primary Care","Overall",38,32,24,6,0,"Y"
"444",10007157,"University of Sheffield",1660,"Allied Health Professions, Dentistry, Nursing and Pharmacy","Overall",30,62,7,1,0,"Y"
"445",10007157,"University of Sheffield",1660,"Allied Health Professions, Dentistry, Nursing and Pharmacy","Overall",55,41,4,0,0,"Y"
"446",10007157,"University of Sheffield",1660,"Psychology, Psychiatry and Neuroscience","Overall",39,42,18,1,0,"Y"
"447",10007157,"University of Sheffield",1660,"Biological Sciences","Overall",48,44,8,0,0,"Y"
"448",10007157,"University of Sheffield",1660,"Earth Systems and Environmental Sciences","Overall",19,61,19,1,0,"Y"
"449",10007157,"University of Sheffield",1660,"Chemistry","Overall",21,77,2,0,0,"Y"
"450",10007157,"University of Sheffield",1660,"Physics","Overall",23,67,9,1,0,"Y"
"451",10007157,"University of Sheffield",1660,"Mathematical Sciences","Overall",20,69,11,0,0,"Y"
"452",10007157,"University of Sheffield",1660,"Computer Science and Informatics","Overall",47,45,8,0,0,"Y"
"453",10007157,"University of Sheffield",1660,"Aeronautical, Mechanical, Chemical and Manufacturing Engineering","Overall",22,67,11,0,0,"Y"
"454",10007157,"University of Sheffield",1660,"Aeronautical, Mechanical, Chemical and Manufacturing Engineering","Overall",18,71,10,1,0,"Y"
"455",10007157,"University of Sheffield",1660,"Electrical and Electronic Engineering, Metallurgy and Materials","Overall",25,72,3,0,0,"Y"
"456",10007157,"University of Sheffield",1660,"Electrical and Electronic Engineering, Metallurgy and Materials","Overall",23,69,8,0,0,"Y"
"457",10007157,"University of Sheffield",1660,"Civil and Construction Engineering","Overall",25,70,5,0,0,"Y"
"458",10007157,"University of Sheffield",1660,"General Engineering","Overall",44,52,4,0,0,"Y"
"459",10007157,"University of Sheffield",1660,"Architecture, Built Environment and Planning","Overall",48,37,14,1,0,"Y"
"460",10007157,"University of Sheffield",1660,"Geography, Environmental Studies and Archaeology","Overall",26,46,23,5,0,"Y"
"461",10007157,"University of Sheffield",1660,"Geography, Environmental Studies and Archaeology","Overall",25,56,18,1,0,"Y"
"462",10007157,"University of Sheffield",1660,"Economics and Econometrics","Overall",13,48,31,0,8,"Y"
"463",10007157,"University of Sheffield",1660,"Business and Management Studies","Overall",33,48,17,2,0,"Y"
"464",10007157,"University of Sheffield",1660,"Law","Overall",34,55,11,0,0,"Y"
"465",10007157,"University of Sheffield",1660,"Politics and International Studies","Overall",52,37,10,1,0,"Y"
"466",10007157,"University of Sheffield",1660,"Social Work and Social Policy","Overall",26,53,20,1,0,"Y"
"467",10007157,"University of Sheffield",1660,"Education","Overall",38,56,6,0,0,"Y"
"468",10007157,"University of Sheffield",1660,"Area Studies","Overall",13,54,30,3,0,"Y"
"469",10007157,"University of Sheffield",1660,"Modern Languages and Linguistics","Overall",31,41,23,5,0,"Y"
"470",10007157,"University of Sheffield",1660,"Modern Languages and Linguistics","Overall",28,45,27,0,0,"Y"
"471",10007157,"University of Sheffield",1660,"English Language and Literature","Overall",40,42,16,2,0,"Y"
"472",10007157,"University of Sheffield",1660,"History","Overall",45,41,13,1,0,"Y"
"473",10007157,"University of Sheffield",1660,"Philosophy","Overall",33,52,15,0,0,"Y"
"474",10007157,"University of Sheffield",1660,"Theology and Religious Studies","Overall",21,51,28,0,0,"Y"
"475",10007157,"University of Sheffield",1660,"Music, Drama, Dance and Performing Arts","Overall",48,36,14,2,0,"Y"
"476",10007157,"University of Sheffield",1660,"Communication, Cultural and Media Studies, Library and Information Management","Overall",38,34,20,8,0,"Y"
"477",10007158,"University of Southampton",1680,"Clinical Medicine","Overall",25,50,21,2,2,"Y"
"478",10007158,"University of Southampton",1680,"Public Health, Health Services and Primary Care","Overall",37,50,12,1,0,"Y"
"479",10007158,"University of Southampton",1680,"Allied Health Professions, Dentistry, Nursing and Pharmacy","Overall",53,41,6,0,0,"Y"
"480",10007158,"University of Southampton",1680,"Psychology, Psychiatry and Neuroscience","Overall",42,38,19,1,0,"Y"
"481",10007158,"University of Southampton",1680,"Biological Sciences","Overall",18,64,17,1,0,"Y"
"482",10007158,"University of Southampton",1680,"Earth Systems and Environmental Sciences","Overall",41,52,4,1,2,"Y"
"483",10007158,"University of Southampton",1680,"Chemistry","Overall",29,65,6,0,0,"Y"
"484",10007158,"University of Southampton",1680,"Physics","Overall",31,63,6,0,0,"Y"
"485",10007158,"University of Southampton",1680,"Mathematical Sciences","Overall",23,64,13,0,0,"Y"
"486",10007158,"University of Southampton",1680,"Computer Science and Informatics","Overall",44,35,16,5,0,"Y"
"487",10007158,"University of Southampton",1680,"Electrical and Electronic Engineering, Metallurgy and Materials","Overall",35,60,5,0,0,"Y"
"488",10007158,"University of Southampton",1680,"General Engineering","Overall",33,58,8,1,0,"Y"
"489",10007158,"University of Southampton",1680,"Geography, Environmental Studies and Archaeology","Overall",29,44,26,1,0,"Y"
"490",10007158,"University of Southampton",1680,"Geography, Environmental Studies and Archaeology","Overall",32,50,17,1,0,"Y"
"491",10007158,"University of Southampton",1680,"Economics and Econometrics","Overall",16,42,39,2,1,"Y"
"492",10007158,"University of Southampton",1680,"Business and Management Studies","Overall",21,54,20,4,1,"Y"
"493",10007158,"University of Southampton",1680,"Law","Overall",16,44,38,2,0,"Y"
"494",10007158,"University of Southampton",1680,"Politics and International Studies","Overall",28,47,22,2,1,"Y"
"495",10007158,"University of Southampton",1680,"Social Work and Social Policy","Overall",41,43,14,2,0,"Y"
"496",10007158,"University of Southampton",1680,"Education","Overall",31,47,21,1,0,"Y"
"497",10007158,"University of Southampton",1680,"Modern Languages and Linguistics","Overall",39,45,16,0,0,"Y"
"498",10007158,"University of Southampton",1680,"English Language and Literature","Overall",41,35,20,4,0,"Y"
"499",10007158,"University of Southampton",1680,"History","Overall",43,44,13,0,0,"Y"
"500",10007158,"University of Southampton",1680,"Philosophy","Overall",17,52,31,0,0,"Y"
"501",10007158,"University of Southampton",1680,"Art and Design: History, Practice and Theory","Overall",25,50,22,3,0,"Y"
"502",10007158,"University of Southampton",1680,"Music, Drama, Dance and Performing Arts","Overall",68,22,7,3,0,"Y"
"503",10007163,"University of Warwick",1780,"Clinical Medicine","Overall",24,57,19,0,0,"Y"
"504",10007163,"University of Warwick",1780,"Public Health, Health Services and Primary Care","Overall",39,41,19,1,0,"Y"
"505",10007163,"University of Warwick",1780,"Psychology, Psychiatry and Neuroscience","Overall",38,53,9,0,0,"Y"
"506",10007163,"University of Warwick",1780,"Biological Sciences","Overall",22,61,15,0,2,"Y"
"507",10007163,"University of Warwick",1780,"Agriculture, Veterinary and Food Science","Overall",46,46,8,0,0,"Y"
"508",10007163,"University of Warwick",1780,"Chemistry","Overall",32,66,2,0,0,"Y"
"509",10007163,"University of Warwick",1780,"Physics","Overall",29,65,6,0,0,"Y"
"510",10007163,"University of Warwick",1780,"Mathematical Sciences","Overall",44,48,7,1,0,"Y"
"511",10007163,"University of Warwick",1780,"Computer Science and Informatics","Overall",56,41,3,0,0,"Y"
"512",10007163,"University of Warwick",1780,"General Engineering","Overall",32,58,10,0,0,"Y"
"513",10007163,"University of Warwick",1780,"Economics and Econometrics","Overall",45,51,4,0,0,"Y"
"514",10007163,"University of Warwick",1780,"Business and Management Studies","Overall",35,46,18,1,0,"Y"
"515",10007163,"University of Warwick",1780,"Law","Overall",38,48,13,1,0,"Y"
"516",10007163,"University of Warwick",1780,"Politics and International Studies","Overall",43,37,16,4,0,"Y"
"517",10007163,"University of Warwick",1780,"Sociology","Overall",18,45,32,5,0,"Y"
"518",10007163,"University of Warwick",1780,"Education","Overall",32,44,20,4,0,"Y"
"519",10007163,"University of Warwick",1780,"Modern Languages and Linguistics","Overall",30,53,13,4,0,"Y"
"520",10007163,"University of Warwick",1780,"English Language and Literature","Overall",58,37,5,0,0,"Y"
"521",10007163,"University of Warwick",1780,"History","Overall",46,37,16,1,0,"Y"
"522",10007163,"University of Warwick",1780,"Classics","Overall",28,52,20,0,0,"Y"
"523",10007163,"University of Warwick",1780,"Philosophy","Overall",34,56,9,0,1,"Y"
"524",10007163,"University of Warwick",1780,"Art and Design: History, Practice and Theory","Overall",40,39,21,0,0,"Y"
"525",10007163,"University of Warwick",1780,"Music, Drama, Dance and Performing Arts","Overall",48,45,7,0,0,"Y"
"526",10007167,"University of York",1920,"Public Health, Health Services and Primary Care","Overall",42,41,16,1,0,"Y"
"527",10007167,"University of York",1920,"Psychology, Psychiatry and Neuroscience","Overall",51,44,5,0,0,"Y"
"528",10007167,"University of York",1920,"Biological Sciences","Overall",47,43,10,0,0,"Y"
"529",10007167,"University of York",1920,"Earth Systems and Environmental Sciences","Overall",14,56,26,4,0,"Y"
"530",10007167,"University of York",1920,"Chemistry","Overall",27,67,6,0,0,"Y"
"531",10007167,"University of York",1920,"Physics","Overall",21,56,18,5,0,"Y"
"532",10007167,"University of York",1920,"Mathematical Sciences","Overall",17,63,20,0,0,"Y"
"533",10007167,"University of York",1920,"Computer Science and Informatics","Overall",44,46,10,0,0,"Y"
"534",10007167,"University of York",1920,"Electrical and Electronic Engineering, Metallurgy and Materials","Overall",4,83,13,0,0,"Y"
"535",10007167,"University of York",1920,"Geography, Environmental Studies and Archaeology","Overall",42,31,21,6,0,"Y"
"536",10007167,"University of York",1920,"Economics and Econometrics","Overall",17,60,22,1,0,"Y"
"537",10007167,"University of York",1920,"Business and Management Studies","Overall",23,45,28,4,0,"Y"
"538",10007167,"University of York",1920,"Law","Overall",46,44,8,0,2,"Y"
"539",10007167,"University of York",1920,"Politics and International Studies","Overall",37,43,19,1,0,"Y"
"540",10007167,"University of York",1920,"Social Work and Social Policy","Overall",54,33,12,0,1,"Y"
"541",10007167,"University of York",1920,"Sociology","Overall",41,46,12,1,0,"Y"
"542",10007167,"University of York",1920,"Education","Overall",44,37,15,3,1,"Y"
"543",10007167,"University of York",1920,"Modern Languages and Linguistics","Overall",45,40,7,2,6,"Y"
"544",10007167,"University of York",1920,"English Language and Literature","Overall",61,27,12,0,0,"Y"
"545",10007167,"University of York",1920,"History","Overall",42,47,11,0,0,"Y"
"546",10007167,"University of York",1920,"Philosophy","Overall",14,50,32,4,0,"Y"
"547",10007167,"University of York",1920,"Art and Design: History, Practice and Theory","Overall",47,36,16,1,0,"Y"
"548",10007167,"University of York",1920,"Music, Drama, Dance and Performing Arts","Overall",29,50,17,4,0,"Y"
"549",10007167,"University of York",1920,"Music, Drama, Dance and Performing Arts","Overall",11,64,25,0,0,"Y"
"550",10007790,"University of Edinburgh",6730,"Clinical Medicine","Overall",44,44,11,0,1,"Y"
"551",10007790,"University of Edinburgh",6730,"Psychology, Psychiatry and Neuroscience","Overall",49,38,12,1,0,"Y"
"552",10007790,"University of Edinburgh",6730,"Biological Sciences","Overall",56,35,7,1,1,"Y"
"553",10007790,"University of Edinburgh",6730,"Agriculture, Veterinary and Food Science","Overall",42,32,23,3,0,"Y"
"554",10007790,"University of Edinburgh",6730,"Earth Systems and Environmental Sciences","Overall",21,57,17,5,0,"Y"
"555",10007790,"University of Edinburgh",6730,"Chemistry","Overall",28,67,5,0,0,"Y"
"556",10007790,"University of Edinburgh",6730,"Physics","Overall",37,59,4,0,0,"Y"
"557",10007790,"University of Edinburgh",6730,"Mathematical Sciences","Overall",29,56,15,0,0,"Y"
"558",10007790,"University of Edinburgh",6730,"Computer Science and Informatics","Overall",40,45,11,2,2,"Y"
"559",10007790,"University of Edinburgh",6730,"General Engineering","Overall",36,58,6,0,0,"Y"
"560",10007790,"University of Edinburgh",6730,"Architecture, Built Environment and Planning","Overall",36,37,23,4,0,"Y"
"561",10007790,"University of Edinburgh",6730,"Geography, Environmental Studies and Archaeology","Overall",7,43,44,6,0,"Y"
"562",10007790,"University of Edinburgh",6730,"Economics and Econometrics","Overall",30,55,14,1,0,"Y"
"563",10007790,"University of Edinburgh",6730,"Business and Management Studies","Overall",29,48,21,2,0,"Y"
"564",10007790,"University of Edinburgh",6730,"Law","Overall",42,35,22,1,0,"Y"
"565",10007790,"University of Edinburgh",6730,"Politics and International Studies","Overall",38,35,23,4,0,"Y"
"566",10007790,"University of Edinburgh",6730,"Social Work and Social Policy","Overall",40,41,17,2,0,"Y"
"567",10007790,"University of Edinburgh",6730,"Sociology","Overall",34,49,16,1,0,"Y"
"568",10007790,"University of Edinburgh",6730,"Anthropology and Development Studies","Overall",33,37,29,1,0,"Y"
"569",10007790,"University of Edinburgh",6730,"Education","Overall",43,36,20,1,0,"Y"
"570",10007790,"University of Edinburgh",6730,"Sport and Exercise Sciences, Leisure and Tourism","Overall",22,46,30,2,0,"Y"
"571",10007790,"University of Edinburgh",6730,"Area Studies","Overall",21,52,25,1,1,"Y"
"572",10007790,"University of Edinburgh",6730,"Modern Languages and Linguistics","Overall",31,39,25,5,0,"Y"
"573",10007790,"University of Edinburgh",6730,"Modern Languages and Linguistics","Overall",45,42,11,1,1,"Y"
"574",10007790,"University of Edinburgh",6730,"English Language and Literature","Overall",33,47,18,2,0,"Y"
"575",10007790,"University of Edinburgh",6730,"History","Overall",32,51,15,2,0,"Y"
"576",10007790,"University of Edinburgh",6730,"Classics","Overall",27,40,30,3,0,"Y"
"577",10007790,"University of Edinburgh",6730,"Philosophy","Overall",37,47,15,1,0,"Y"
"578",10007790,"University of Edinburgh",6730,"Theology and Religious Studies","Overall",34,44,19,3,0,"Y"
"579",10007790,"University of Edinburgh",6730,"Art and Design: History, Practice and Theory","Overall",33,45,18,4,0,"Y"
"580",10007790,"University of Edinburgh",6730,"Music, Drama, Dance and Performing Arts","Overall",42,32,21,3,2,"Y"
"581",10007794,"University of Glasgow",6760,"Clinical Medicine","Overall",40,43,15,1,1,"Y"
"582",10007794,"University of Glasgow",6760,"Public Health, Health Services and Primary Care","Overall",25,54,20,1,0,"Y"
"583",10007794,"University of Glasgow",6760,"Allied Health Professions, Dentistry, Nursing and Pharmacy","Overall",30,63,6,0,1,"Y"
"584",10007794,"University of Glasgow",6760,"Psychology, Psychiatry and Neuroscience","Overall",44,35,20,0,1,"Y"
"585",10007794,"University of Glasgow",6760,"Biological Sciences","Overall",22,57,20,1,0,"Y"
"586",10007794,"University of Glasgow",6760,"Agriculture, Veterinary and Food Science","Overall",46,45,9,0,0,"Y"
"587",10007794,"University of Glasgow",6760,"Earth Systems and Environmental Sciences","Overall",21,63,15,1,0,"Y"
"588",10007794,"University of Glasgow",6760,"Chemistry","Overall",21,73,6,0,0,"Y"
"589",10007794,"University of Glasgow",6760,"Physics","Overall",22,66,12,0,0,"Y"
"590",10007794,"University of Glasgow",6760,"Mathematical Sciences","Overall",19,70,11,0,0,"Y"
"591",10007794,"University of Glasgow",6760,"Computer Science and Informatics","Overall",36,48,14,2,0,"Y"
"592",10007794,"University of Glasgow",6760,"General Engineering","Overall",30,65,5,0,0,"Y"
"593",10007794,"University of Glasgow",6760,"Architecture, Built Environment and Planning","Overall",48,42,10,0,0,"Y"
"594",10007794,"University of Glasgow",6760,"Geography, Environmental Studies and Archaeology","Overall",37,51,10,2,0,"Y"
"595",10007794,"University of Glasgow",6760,"Geography, Environmental Studies and Archaeology","Overall",10,42,38,10,0,"Y"
"596",10007794,"University of Glasgow",6760,"Economics and Econometrics","Overall",12,64,22,2,0,"Y"
"597",10007794,"University of Glasgow",6760,"Business and Management Studies","Overall",19,48,28,5,0,"Y"
"598",10007794,"University of Glasgow",6760,"Law","Overall",26,49,21,3,1,"Y"
"599",10007794,"University of Glasgow",6760,"Politics and International Studies","Overall",13,60,25,2,0,"Y"
"600",10007794,"University of Glasgow",6760,"Social Work and Social Policy","Overall",38,45,16,1,0,"Y"
"601",10007794,"University of Glasgow",6760,"Education","Overall",32,42,20,6,0,"Y"
"602",10007794,"University of Glasgow",6760,"Area Studies","Overall",20,57,21,2,0,"Y"
"603",10007794,"University of Glasgow",6760,"Modern Languages and Linguistics","Overall",23,35,33,8,1,"Y"
"604",10007794,"University of Glasgow",6760,"Modern Languages and Linguistics","Overall",38,45,15,2,0,"Y"
"605",10007794,"University of Glasgow",6760,"English Language and Literature","Overall",43,35,19,3,0,"Y"
"606",10007794,"University of Glasgow",6760,"History","Overall",40,40,18,2,0,"Y"
"607",10007794,"University of Glasgow",6760,"Classics","Overall",17,47,32,4,0,"Y"
"608",10007794,"University of Glasgow",6760,"Philosophy","Overall",8,43,47,2,0,"Y"
"609",10007794,"University of Glasgow",6760,"Theology and Religious Studies","Overall",11,44,35,10,0,"Y"
"610",10007794,"University of Glasgow",6760,"Art and Design: History, Practice and Theory","Overall",33,36,27,4,0,"Y"
"611",10007794,"University of Glasgow",6760,"Music, Drama, Dance and Performing Arts","Overall",31,45,15,9,0,"Y"
"612",10007794,"University of Glasgow",6760,"Communication, Cultural and Media Studies, Library and Information Management","Overall",45,35,18,1,1,"Y"
"613",10007814,"Cardiff University",7080,"Clinical Medicine","Overall",38,51,10,0,1,"Y"
"614",10007814,"Cardiff University",7080,"Public Health, Health Services and Primary Care","Overall",37,39,22,2,0,"Y"
"615",10007814,"Cardiff University",7080,"Allied Health Professions, Dentistry, Nursing and Pharmacy","Overall",48,46,6,0,0,"Y"
"616",10007814,"Cardiff University",7080,"Psychology, Psychiatry and Neuroscience","Overall",60,32,8,0,0,"Y"
"617",10007814,"Cardiff University",7080,"Biological Sciences","Overall",42,42,14,1,1,"Y"
"618",10007814,"Cardiff University",7080,"Earth Systems and Environmental Sciences","Overall",24,60,15,1,0,"Y"
"619",10007814,"Cardiff University",7080,"Chemistry","Overall",32,65,3,0,0,"Y"
"620",10007814,"Cardiff University",7080,"Physics","Overall",31,68,1,0,0,"Y"
"621",10007814,"Cardiff University",7080,"Mathematical Sciences","Overall",18,72,10,0,0,"Y"
"622",10007814,"Cardiff University",7080,"Computer Science and Informatics","Overall",26,53,20,1,0,"Y"
"623",10007814,"Cardiff University",7080,"Civil and Construction Engineering","Overall",47,50,3,0,0,"Y"
"624",10007814,"Cardiff University",7080,"General Engineering","Overall",36,61,2,0,1,"Y"
"625",10007814,"Cardiff University",7080,"Architecture, Built Environment and Planning","Overall",34,51,14,1,0,"Y"
"626",10007814,"Cardiff University",7080,"Architecture, Built Environment and Planning","Overall",45,30,16,9,0,"Y"
"627",10007814,"Cardiff University",7080,"Geography, Environmental Studies and Archaeology","Overall",28,44,25,3,0,"Y"
"628",10007814,"Cardiff University",7080,"Business and Management Studies","Overall",43,43,13,1,0,"Y"
"629",10007814,"Cardiff University",7080,"Law","Overall",36,48,16,0,0,"Y"
"630",10007814,"Cardiff University",7080,"Politics and International Studies","Overall",26,55,14,5,0,"Y"
"631",10007814,"Cardiff University",7080,"Sociology","Overall",37,49,13,1,0,"Y"
"632",10007814,"Cardiff University",7080,"Education","Overall",48,36,14,2,0,"Y"
"633",10007814,"Cardiff University",7080,"Modern Languages and Linguistics","Overall",37,47,16,0,0,"Y"
"634",10007814,"Cardiff University",7080,"English Language and Literature","Overall",42,45,11,2,0,"Y"
"635",10007814,"Cardiff University",7080,"History","Overall",37,46,16,1,0,"Y"
"636",10007814,"Cardiff University",7080,"Philosophy","Overall",20,49,27,4,0,"Y"
"637",10007814,"Cardiff University",7080,"Theology and Religious Studies","Overall",33,43,21,3,0,"Y"
"638",10007814,"Cardiff University",7080,"Music, Drama, Dance and Performing Arts","Overall",43,42,15,0,0,"Y"
"639",10007814,"Cardiff University",7080,"Communication, Cultural and Media Studies, Library and Information Management","Overall",61,28,10,1,0,"Y"
"640",10005343,"Queen's University Belfast",7600,"Clinical Medicine","Overall",20,50,29,0,1,"Y"
"641",10005343,"Queen's University Belfast",7600,"Public Health, Health Services and Primary Care","Overall",23,46,29,1,1,"Y"
"642",10005343,"Queen's University Belfast",7600,"Allied Health Professions, Dentistry, Nursing and Pharmacy","Overall",44,48,8,0,0,"Y"
"643",10005343,"Queen's University Belfast",7600,"Allied Health Professions, Dentistry, Nursing and Pharmacy","Overall",13,65,22,0,0,"Y"
"644",10005343,"Queen's University Belfast",7600,"Psychology, Psychiatry and Neuroscience","Overall",26,48,25,1,0,"Y"
"645",10005343,"Queen's University Belfast",7600,"Agriculture, Veterinary and Food Science","Overall",44,40,15,0,1,"Y"
"646",10005343,"Queen's University Belfast",7600,"Earth Systems and Environmental Sciences","Overall",10,72,18,0,0,"Y"
"647",10005343,"Queen's University Belfast",7600,"Chemistry","Overall",11,71,18,0,0,"Y"
"648",10005343,"Queen's University Belfast",7600,"Physics","Overall",23,65,12,0,0,"Y"
"649",10005343,"Queen's University Belfast",7600,"Mathematical Sciences","Overall",5,60,35,0,0,"Y"
"650",10005343,"Queen's University Belfast",7600,"Computer Science and Informatics","Overall",12,60,26,2,0,"Y"
"651",10005343,"Queen's University Belfast",7600,"Aeronautical, Mechanical, Chemical and Manufacturing Engineering","Overall",11,77,12,0,0,"Y"
"652",10005343,"Queen's University Belfast",7600,"Electrical and Electronic Engineering, Metallurgy and Materials","Overall",27,66,6,1,0,"Y"
"653",10005343,"Queen's University Belfast",7600,"Civil and Construction Engineering","Overall",10,65,24,1,0,"Y"
"654",10005343,"Queen's University Belfast",7600,"Architecture, Built Environment and Planning","Overall",21,51,24,4,0,"Y"
"655",10005343,"Queen's University Belfast",7600,"Geography, Environmental Studies and Archaeology","Overall",27,34,30,8,1,"Y"
"656",10005343,"Queen's University Belfast",7600,"Business and Management Studies","Overall",21,49,27,3,0,"Y"
"657",10005343,"Queen's University Belfast",7600,"Law","Overall",38,42,19,1,0,"Y"
"658",10005343,"Queen's University Belfast",7600,"Politics and International Studies","Overall",21,42,33,4,0,"Y"
"659",10005343,"Queen's University Belfast",7600,"Social Work and Social Policy","Overall",24,52,21,2,1,"Y"
"660",10005343,"Queen's University Belfast",7600,"Sociology","Overall",12,47,32,6,3,"Y"
"661",10005343,"Queen's University Belfast",7600,"Anthropology and Development Studies","Overall",42,26,29,3,0,"Y"
"662",10005343,"Queen's University Belfast",7600,"Education","Overall",35,52,11,2,0,"Y"
"663",10005343,"Queen's University Belfast",7600,"Modern Languages and Linguistics","Overall",40,45,13,2,0,"Y"
"664",10005343,"Queen's University Belfast",7600,"English Language and Literature","Overall",42,38,17,3,0,"Y"
"665",10005343,"Queen's University Belfast",7600,"History","Overall",33,51,14,2,0,"Y"
"666",10005343,"Queen's University Belfast",7600,"Philosophy","Overall",23,52,25,0,0,"Y"
"667",10005343,"Queen's University Belfast",7600,"Music, Drama, Dance and Performing Arts","Overall",31,27,36,6,0,"Y"
